,idx,sentimiento
0,"((0, 339), 0)",neutral
1,"((2, 135), 0)",neutral
2,"((7, 102), 0)",neutral
3,"((8, 155), 0)",neutral
4,"((9, 104), 0)",neutral
5,"((10, 183), 0)",neutral
6,"((12, 37), 0)",neutral
7,"((13, 21), 0)",neutral
8,"((13, 178), 0)",neutral
9,"((13, 250), 0)",neutral
10,"((15, 325), 0)",neutral
11,"((19, 107), 0)",neutral
12,"((23, 303), 0)",neutral
13,"((31, 317), 0)",neutral
14,"((42, 29), 0)",neutral
15,"((42, 232), 0)",neutral
16,"((44, 251), 0)",neutral
17,"((44, 317), 0)",neutral
18,"((45, 156), 0)",neutral
19,"((49, 8), 0)",neutral
20,"((51, 342), 0)",neutral
21,"((52, 261), 0)",neutral
22,"((54, 317), 0)",neutral
23,"((58, 158), 0)",neutral
24,"((59, 341), 0)",neutral
25,"((60, 229), 0)",neutral
26,"((62, 159), 0)",neutral
27,"((66, 122), 0)",neutral
28,"((66, 317), 0)",neutral
29,"((67, 122), 0)",neutral
30,"((70, 364), 0)",neutral
31,"((71, 122), 0)",neutral
32,"((72, 317), 0)",neutral
33,"((74, 189), 0)",neutral
34,"((77, 317), 0)",neutral
35,"((78, 181), 0)",neutral
36,"((80, 250), 0)",neutral
37,"((81, 336), 0)",neutral
38,"((85, 122), 0)",neutral
39,"((90, 122), 0)",neutral
40,"((90, 282), 0)",neutral
41,"((92, 222), 0)",neutral
42,"((93, 24), 0)",neutral
43,"((96, 3), 0)",neutral
44,"((96, 20), 0)",neutral
45,"((96, 88), 0)",neutral
46,"((96, 174), 0)",neutral
47,"((97, 340), 0)",neutral
48,"((100, 76), 0)",neutral
49,"((101, 183), 0)",neutral
50,"((102, 141), 0)",neutral
51,"((102, 147), 0)",neutral
52,"((104, 21), 0)",neutral
53,"((104, 317), 0)",neutral
54,"((105, 84), 0)",neutral
55,"((105, 201), 0)",neutral
56,"((107, 365), 0)",neutral
57,"((109, 135), 0)",neutral
58,"((113, 241), 0)",neutral
59,"((117, 234), 0)",neutral
60,"((120, 178), 0)",neutral
61,"((120, 351), 0)",neutral
62,"((128, 365), 0)",neutral
63,"((132, 19), 0)",neutral
64,"((135, 61), 0)",neutral
65,"((137, 342), 0)",neutral
66,"((139, 304), 0)",neutral
67,"((142, 265), 0)",neutral
68,"((146, 15), 0)",neutral
69,"((147, 89), 0)",neutral
70,"((148, 317), 0)",neutral
71,"((150, 157), 0)",neutral
72,"((152, 276), 0)",neutral
73,"((154, 122), 0)",neutral
74,"((159, 23), 0)",neutral
75,"((161, 82), 0)",neutral
76,"((163, 279), 0)",neutral
77,"((163, 317), 0)",neutral
78,"((170, 317), 0)",neutral
79,"((171, 250), 0)",neutral
80,"((175, 183), 0)",neutral
81,"((178, 95), 0)",neutral
82,"((179, 122), 0)",neutral
83,"((182, 310), 0)",neutral
84,"((183, 222), 0)",neutral
85,"((183, 241), 0)",neutral
86,"((189, 122), 0)",neutral
87,"((197, 24), 0)",neutral
88,"((201, 299), 0)",neutral
89,"((202, 84), 0)",neutral
90,"((208, 149), 0)",neutral
91,"((209, 183), 0)",neutral
92,"((214, 296), 0)",neutral
93,"((215, 317), 0)",neutral
94,"((216, 123), 0)",neutral
95,"((216, 299), 0)",neutral
96,"((217, 317), 0)",neutral
97,"((225, 8), 0)",neutral
98,"((227, 19), 0)",neutral
99,"((227, 38), 0)",neutral
100,"((227, 208), 0)",neutral
101,"((227, 361), 0)",neutral
102,"((229, 338), 0)",neutral
103,"((230, 317), 0)",neutral
104,"((231, 30), 0)",neutral
105,"((231, 249), 0)",neutral
106,"((232, 200), 0)",neutral
107,"((233, 90), 0)",neutral
108,"((233, 215), 0)",neutral
109,"((233, 250), 0)",neutral
110,"((233, 272), 0)",neutral
111,"((233, 300), 0)",neutral
112,"((234, 19), 0)",neutral
113,"((234, 281), 0)",neutral
114,"((234, 372), 0)",neutral
115,"((235, 29), 0)",neutral
116,"((235, 89), 3)",neutral
117,"((235, 91), 0)",neutral
118,"((236, 66), 0)",neutral
119,"((236, 200), 0)",neutral
120,"((237, 19), 0)",neutral
121,"((237, 37), 0)",neutral
122,"((238, 146), 0)",neutral
123,"((239, 280), 0)",neutral
124,"((240, 91), 0)",neutral
125,"((240, 257), 0)",neutral
126,"((242, 141), 0)",neutral
127,"((242, 146), 0)",neutral
128,"((242, 158), 0)",neutral
129,"((242, 232), 0)",neutral
130,"((243, 36), 0)",neutral
131,"((243, 136), 0)",neutral
132,"((243, 143), 0)",neutral
133,"((243, 319), 0)",neutral
134,"((243, 320), 0)",neutral
135,"((243, 353), 0)",neutral
136,"((244, 181), 0)",neutral
137,"((244, 281), 0)",neutral
138,"((245, 287), 0)",neutral
139,"((245, 308), 0)",neutral
140,"((246, 48), 0)",neutral
141,"((247, 104), 0)",neutral
142,"((247, 107), 0)",neutral
143,"((248, 56), 0)",neutral
144,"((248, 122), 0)",neutral
145,"((248, 136), 0)",neutral
146,"((248, 165), 0)",neutral
147,"((248, 214), 0)",neutral
148,"((248, 224), 0)",neutral
149,"((248, 262), 0)",neutral
150,"((248, 271), 0)",neutral
151,"((248, 299), 0)",neutral
152,"((248, 327), 0)",neutral
153,"((248, 328), 0)",neutral
154,"((248, 378), 0)",neutral
155,"((249, 109), 0)",neutral
156,"((249, 112), 0)",neutral
157,"((249, 207), 0)",neutral
158,"((249, 294), 0)",neutral
159,"((250, 160), 0)",neutral
160,"((250, 313), 0)",neutral
161,"((251, 56), 0)",neutral
162,"((251, 68), 0)",neutral
163,"((251, 99), 0)",neutral
164,"((251, 186), 0)",neutral
165,"((251, 234), 0)",neutral
166,"((251, 269), 0)",neutral
167,"((252, 14), 0)",neutral
168,"((252, 68), 0)",neutral
169,"((252, 74), 0)",neutral
170,"((252, 92), 0)",neutral
171,"((252, 102), 0)",neutral
172,"((252, 132), 0)",neutral
173,"((252, 149), 0)",neutral
174,"((252, 172), 0)",neutral
175,"((252, 207), 0)",neutral
176,"((252, 224), 0)",neutral
177,"((252, 227), 0)",neutral
178,"((252, 229), 0)",neutral
179,"((252, 233), 0)",neutral
180,"((252, 285), 0)",neutral
181,"((252, 286), 0)",neutral
182,"((252, 297), 0)",neutral
183,"((252, 323), 0)",neutral
184,"((252, 348), 0)",neutral
185,"((252, 353), 0)",neutral
186,"((253, 301), 0)",neutral
187,"((253, 372), 0)",neutral
188,"((254, 10), 0)",neutral
189,"((255, 321), 0)",neutral
190,"((255, 329), 0)",neutral
191,"((255, 355), 0)",neutral
192,"((256, 99), 0)",neutral
193,"((256, 112), 0)",neutral
194,"((257, 65), 0)",neutral
195,"((257, 70), 0)",neutral
196,"((257, 134), 0)",neutral
197,"((257, 141), 0)",neutral
198,"((257, 271), 0)",neutral
199,"((257, 372), 0)",neutral
200,"((258, 278), 0)",neutral
201,"((258, 283), 0)",neutral
202,"((258, 357), 0)",neutral
203,"((259, 91), 0)",neutral
204,"((259, 106), 0)",neutral
205,"((259, 325), 0)",neutral
206,"((260, 29), 0)",neutral
207,"((260, 166), 0)",neutral
208,"((260, 239), 0)",neutral
209,"((261, 53), 0)",neutral
210,"((262, 229), 0)",neutral
211,"((262, 287), 0)",neutral
212,"((263, 11), 0)",neutral
213,"((263, 123), 0)",neutral
214,"((264, 142), 0)",neutral
215,"((265, 72), 0)",neutral
216,"((265, 109), 0)",neutral
217,"((265, 358), 0)",neutral
218,"((267, 60), 0)",neutral
219,"((268, 81), 0)",neutral
220,"((268, 229), 0)",neutral
221,"((270, 3), 0)",neutral
222,"((270, 204), 0)",neutral
223,"((271, 247), 0)",neutral
224,"((273, 4), 7)",neutral
225,"((274, 199), 0)",neutral
226,"((275, 175), 0)",neutral
227,"((276, 48), 0)",neutral
228,"((277, 7), 0)",neutral
229,"((277, 44), 0)",neutral
230,"((277, 193), 0)",neutral
231,"((279, 187), 0)",neutral
232,"((282, 280), 0)",neutral
233,"((283, 37), 0)",neutral
234,"((283, 46), 0)",neutral
235,"((284, 39), 0)",neutral
236,"((284, 229), 0)",neutral
237,"((284, 266), 0)",neutral
238,"((285, 35), 0)",neutral
239,"((285, 72), 0)",neutral
240,"((285, 203), 0)",neutral
241,"((286, 68), 0)",neutral
242,"((287, 88), 0)",neutral
243,"((287, 355), 0)",neutral
244,"((288, 39), 0)",neutral
245,"((288, 54), 7)",neutral
246,"((288, 112), 0)",neutral
247,"((288, 281), 0)",neutral
248,"((289, 44), 0)",neutral
249,"((290, 13), 0)",neutral
250,"((290, 324), 0)",neutral
251,"((292, 199), 0)",neutral
252,"((294, 215), 0)",neutral
253,"((295, 64), 0)",neutral
254,"((296, 144), 0)",neutral
255,"((296, 233), 0)",neutral
256,"((296, 262), 0)",neutral
257,"((297, 122), 0)",neutral
258,"((298, 157), 0)",neutral
259,"((303, 199), 0)",neutral
260,"((304, 77), 0)",neutral
261,"((305, 216), 0)",neutral
262,"((307, 7), 6)",neutral
263,"((307, 28), 0)",neutral
264,"((307, 118), 0)",neutral
265,"((307, 196), 0)",neutral
266,"((309, 308), 0)",neutral
267,"((310, 15), 0)",neutral
268,"((311, 95), 0)",neutral
269,"((312, 54), 11)",neutral
270,"((313, 72), 0)",neutral
271,"((313, 301), 0)",neutral
272,"((313, 372), 0)",neutral
273,"((452, 122), 0)",neutral
274,"((453, 201), 0)",neutral
275,"((457, 183), 0)",neutral
276,"((466, 19), 0)",neutral
277,"((466, 363), 0)",neutral
278,"((471, 295), 0)",neutral
279,"((475, 158), 0)",neutral
280,"((475, 299), 0)",neutral
281,"((478, 249), 0)",neutral
282,"((479, 317), 0)",neutral
283,"((484, 285), 0)",neutral
284,"((486, 138), 0)",neutral
285,"((489, 342), 0)",neutral
286,"((490, 37), 0)",neutral
287,"((493, 61), 0)",neutral
288,"((496, 94), 0)",neutral
289,"((501, 19), 0)",neutral
290,"((504, 316), 0)",neutral
291,"((504, 326), 0)",neutral
292,"((508, 20), 4)",neutral
293,"((508, 299), 0)",neutral
294,"((511, 123), 0)",neutral
295,"((512, 71), 0)",neutral
296,"((512, 321), 3)",neutral
297,"((513, 317), 0)",neutral
298,"((514, 101), 0)",neutral
299,"((515, 316), 0)",neutral
300,"((516, 292), 0)",neutral
301,"((516, 357), 0)",neutral
302,"((517, 150), 0)",neutral
303,"((518, 242), 0)",neutral
304,"((522, 138), 0)",neutral
305,"((530, 250), 0)",neutral
306,"((532, 317), 0)",neutral
307,"((534, 122), 0)",neutral
308,"((535, 122), 0)",neutral
309,"((536, 96), 0)",neutral
310,"((536, 113), 0)",neutral
311,"((537, 321), 0)",neutral
312,"((538, 122), 0)",neutral
313,"((545, 316), 0)",neutral
314,"((546, 155), 0)",neutral
315,"((550, 122), 0)",neutral
316,"((551, 122), 0)",neutral
317,"((552, 157), 0)",neutral
318,"((556, 316), 0)",neutral
319,"((558, 253), 0)",neutral
320,"((570, 292), 0)",neutral
321,"((570, 299), 0)",neutral
322,"((571, 316), 0)",neutral
323,"((576, 257), 7)",neutral
324,"((576, 317), 0)",neutral
325,"((580, 53), 0)",neutral
326,"((584, 316), 0)",neutral
327,"((588, 307), 0)",neutral
328,"((593, 294), 0)",neutral
329,"((594, 222), 0)",neutral
330,"((598, 23), 0)",neutral
331,"((607, 317), 0)",neutral
332,"((608, 61), 0)",neutral
333,"((609, 317), 0)",neutral
334,"((613, 321), 0)",neutral
335,"((618, 20), 0)",neutral
336,"((618, 317), 0)",neutral
337,"((620, 136), 0)",neutral
338,"((623, 29), 0)",neutral
339,"((625, 161), 0)",neutral
340,"((628, 112), 0)",neutral
341,"((628, 257), 0)",neutral
342,"((629, 94), 0)",neutral
343,"((630, 102), 0)",neutral
344,"((631, 205), 0)",neutral
345,"((640, 27), 0)",neutral
346,"((641, 138), 0)",neutral
347,"((641, 141), 0)",neutral
348,"((641, 317), 0)",neutral
349,"((644, 89), 0)",neutral
350,"((644, 337), 0)",neutral
351,"((651, 122), 0)",neutral
352,"((653, 13), 0)",neutral
353,"((653, 19), 0)",neutral
354,"((657, 19), 0)",neutral
355,"((660, 122), 0)",neutral
356,"((666, 23), 0)",neutral
357,"((667, 326), 0)",neutral
358,"((668, 122), 0)",neutral
359,"((668, 135), 0)",neutral
360,"((668, 365), 0)",neutral
361,"((672, 123), 0)",neutral
362,"((672, 135), 0)",neutral
363,"((682, 269), 0)",neutral
364,"((683, 122), 0)",neutral
365,"((689, 31), 0)",neutral
366,"((693, 299), 0)",neutral
367,"((698, 299), 0)",neutral
368,"((701, 155), 0)",neutral
369,"((703, 13), 0)",neutral
370,"((703, 316), 0)",neutral
371,"((703, 316), 1)",neutral
372,"((707, 96), 2)",neutral
373,"((707, 294), 0)",neutral
374,"((707, 316), 0)",neutral
375,"((711, 19), 0)",neutral
376,"((712, 37), 0)",neutral
377,"((713, 70), 0)",neutral
378,"((713, 167), 0)",neutral
379,"((714, 27), 0)",neutral
380,"((726, 299), 0)",neutral
381,"((729, 203), 0)",neutral
382,"((729, 272), 0)",neutral
383,"((730, 107), 0)",neutral
384,"((737, 62), 0)",neutral
385,"((737, 89), 0)",neutral
386,"((738, 36), 0)",neutral
387,"((742, 352), 0)",neutral
388,"((744, 183), 0)",neutral
389,"((744, 373), 0)",neutral
390,"((757, 51), 0)",neutral
391,"((757, 135), 0)",neutral
392,"((760, 122), 0)",neutral
393,"((762, 122), 0)",neutral
394,"((763, 328), 0)",neutral
395,"((769, 123), 0)",neutral
396,"((772, 181), 0)",neutral
397,"((773, 242), 0)",neutral
398,"((773, 250), 0)",neutral
399,"((779, 85), 0)",neutral
400,"((783, 123), 0)",neutral
401,"((789, 179), 0)",neutral
402,"((793, 159), 0)",neutral
403,"((801, 161), 0)",neutral
404,"((802, 96), 0)",neutral
405,"((802, 372), 0)",neutral
406,"((806, 233), 0)",neutral
407,"((809, 205), 0)",neutral
408,"((809, 232), 0)",neutral
409,"((814, 250), 0)",neutral
410,"((815, 145), 0)",neutral
411,"((817, 123), 0)",neutral
412,"((820, 61), 0)",neutral
413,"((821, 301), 0)",neutral
414,"((822, 23), 0)",neutral
415,"((827, 96), 0)",neutral
416,"((828, 71), 0)",neutral
417,"((829, 129), 0)",neutral
418,"((831, 235), 14)",neutral
419,"((834, 316), 0)",neutral
420,"((836, 23), 0)",neutral
421,"((841, 220), 0)",neutral
422,"((841, 270), 0)",neutral
423,"((846, 253), 0)",neutral
424,"((850, 124), 0)",neutral
425,"((850, 299), 0)",neutral
426,"((850, 321), 0)",neutral
427,"((852, 161), 0)",neutral
428,"((853, 105), 0)",neutral
429,"((854, 342), 0)",neutral
430,"((864, 317), 0)",neutral
431,"((865, 218), 0)",neutral
432,"((869, 317), 0)",neutral
433,"((874, 21), 0)",neutral
434,"((875, 316), 0)",neutral
435,"((876, 145), 0)",neutral
436,"((880, 83), 0)",neutral
437,"((880, 176), 0)",neutral
438,"((894, 314), 0)",neutral
439,"((898, 318), 0)",neutral
440,"((904, 21), 0)",neutral
441,"((907, 210), 0)",neutral
442,"((914, 141), 0)",neutral
443,"((914, 235), 0)",neutral
444,"((915, 158), 0)",neutral
445,"((919, 83), 0)",neutral
446,"((922, 336), 0)",neutral
447,"((926, 244), 0)",neutral
448,"((926, 350), 0)",neutral
449,"((929, 29), 0)",neutral
450,"((929, 251), 0)",neutral
451,"((929, 274), 0)",neutral
452,"((931, 135), 0)",neutral
453,"((935, 287), 0)",neutral
454,"((936, 118), 0)",neutral
455,"((941, 28), 0)",neutral
456,"((944, 8), 0)",neutral
457,"((945, 117), 0)",neutral
458,"((946, 341), 0)",neutral
459,"((947, 317), 0)",neutral
460,"((948, 341), 0)",neutral
461,"((949, 160), 0)",neutral
462,"((951, 350), 0)",neutral
463,"((952, 273), 0)",neutral
464,"((960, 33), 0)",neutral
465,"((960, 261), 0)",neutral
466,"((962, 316), 0)",neutral
467,"((963, 316), 0)",neutral
468,"((969, 10), 0)",neutral
469,"((970, 363), 0)",neutral
470,"((972, 156), 0)",neutral
471,"((973, 267), 0)",neutral
472,"((976, 178), 0)",neutral
473,"((977, 118), 0)",neutral
474,"((982, 104), 0)",neutral
475,"((983, 61), 0)",neutral
476,"((983, 272), 0)",neutral
477,"((984, 23), 0)",neutral
478,"((985, 222), 0)",neutral
479,"((989, 28), 0)",neutral
480,"((991, 151), 0)",neutral
481,"((991, 299), 0)",neutral
482,"((1000, 78), 0)",neutral
483,"((1002, 123), 0)",neutral
484,"((1010, 79), 0)",neutral
485,"((1013, 91), 0)",neutral
486,"((1013, 177), 0)",neutral
487,"((1014, 123), 0)",neutral
488,"((1015, 35), 0)",neutral
489,"((1019, 205), 0)",neutral
490,"((1020, 19), 0)",neutral
491,"((1022, 329), 0)",neutral
492,"((1024, 81), 0)",neutral
493,"((1025, 321), 0)",neutral
494,"((1025, 361), 0)",neutral
495,"((1035, 257), 0)",neutral
496,"((1037, 214), 0)",neutral
497,"((1039, 61), 0)",neutral
498,"((1039, 123), 0)",neutral
499,"((1042, 287), 0)",neutral
500,"((1043, 294), 3)",neutral
501,"((1047, 222), 0)",neutral
502,"((1047, 251), 0)",neutral
503,"((1062, 135), 0)",neutral
504,"((1063, 43), 2)",neutral
505,"((1064, 96), 0)",neutral
506,"((1071, 247), 0)",neutral
507,"((1073, 8), 0)",neutral
508,"((1074, 222), 0)",neutral
509,"((1076, 28), 0)",neutral
510,"((1077, 285), 0)",neutral
511,"((1080, 317), 0)",neutral
512,"((1082, 122), 0)",neutral
513,"((1082, 158), 0)",neutral
514,"((1085, 12), 0)",neutral
515,"((1086, 19), 0)",neutral
516,"((1087, 220), 0)",neutral
517,"((1089, 172), 0)",neutral
518,"((1089, 317), 0)",neutral
519,"((1092, 316), 0)",neutral
520,"((1094, 123), 0)",neutral
521,"((1102, 276), 0)",neutral
522,"((1102, 316), 0)",neutral
523,"((1103, 101), 0)",neutral
524,"((1105, 220), 0)",neutral
525,"((1107, 95), 0)",neutral
526,"((1108, 314), 0)",neutral
527,"((1110, 317), 0)",neutral
528,"((1112, 172), 0)",neutral
529,"((1113, 220), 0)",neutral
530,"((1113, 355), 0)",neutral
531,"((1115, 78), 0)",neutral
532,"((1115, 201), 0)",neutral
533,"((1116, 19), 0)",neutral
534,"((1117, 215), 0)",neutral
535,"((1125, 82), 0)",neutral
536,"((1125, 201), 0)",neutral
537,"((1126, 109), 0)",neutral
538,"((1130, 123), 0)",neutral
539,"((1130, 145), 0)",neutral
540,"((1131, 220), 0)",neutral
541,"((1137, 149), 0)",neutral
542,"((1139, 234), 0)",neutral
543,"((1140, 299), 0)",neutral
544,"((1142, 183), 0)",neutral
545,"((1143, 23), 0)",neutral
546,"((1149, 133), 0)",neutral
547,"((1151, 122), 2)",neutral
548,"((1156, 317), 0)",neutral
549,"((1157, 257), 0)",neutral
550,"((1163, 19), 0)",neutral
551,"((1163, 157), 0)",neutral
552,"((1164, 292), 0)",neutral
553,"((1167, 23), 0)",neutral
554,"((1170, 29), 0)",neutral
555,"((1174, 220), 0)",neutral
556,"((1181, 328), 0)",neutral
557,"((1187, 41), 0)",neutral
558,"((1191, 118), 0)",neutral
559,"((1193, 122), 0)",neutral
560,"((1196, 89), 0)",neutral
561,"((1199, 180), 0)",neutral
562,"((1200, 201), 0)",neutral
563,"((1204, 28), 0)",neutral
564,"((1206, 176), 0)",neutral
565,"((1207, 41), 0)",neutral
566,"((1208, 78), 0)",neutral
567,"((1211, 95), 0)",neutral
568,"((1213, 123), 0)",neutral
569,"((1214, 122), 0)",neutral
570,"((1215, 157), 0)",neutral
571,"((1216, 122), 0)",neutral
572,"((1216, 216), 0)",neutral
573,"((1217, 158), 0)",neutral
574,"((1218, 122), 0)",neutral
575,"((1219, 158), 0)",neutral
576,"((1221, 112), 0)",neutral
577,"((1221, 316), 0)",neutral
578,"((1222, 316), 0)",neutral
579,"((1229, 122), 0)",neutral
580,"((1235, 292), 0)",neutral
581,"((1241, 96), 0)",neutral
582,"((1243, 320), 0)",neutral
583,"((1246, 308), 0)",neutral
584,"((1247, 370), 0)",neutral
585,"((1251, 271), 0)",neutral
586,"((1255, 23), 0)",neutral
587,"((1257, 78), 0)",neutral
588,"((1263, 341), 0)",neutral
589,"((1266, 157), 0)",neutral
590,"((1266, 187), 0)",neutral
591,"((1268, 84), 0)",neutral
592,"((1270, 122), 0)",neutral
593,"((1272, 74), 0)",neutral
594,"((1273, 129), 0)",neutral
595,"((1275, 317), 0)",neutral
596,"((1278, 299), 0)",neutral
597,"((1281, 96), 0)",neutral
598,"((1281, 201), 0)",neutral
599,"((1287, 316), 0)",neutral
600,"((1289, 35), 0)",neutral
601,"((1290, 183), 0)",neutral
602,"((1292, 20), 0)",neutral
603,"((1292, 96), 0)",neutral
604,"((1294, 145), 0)",neutral
605,"((1295, 123), 0)",neutral
606,"((1295, 257), 0)",neutral
607,"((1296, 220), 0)",neutral
608,"((1298, 222), 0)",neutral
609,"((1298, 317), 0)",neutral
610,"((1300, 323), 0)",neutral
611,"((1304, 317), 0)",neutral
612,"((1305, 24), 0)",neutral
613,"((1309, 220), 0)",neutral
614,"((1312, 143), 0)",neutral
615,"((1314, 96), 0)",neutral
616,"((1322, 202), 0)",neutral
617,"((1326, 220), 0)",neutral
618,"((1327, 11), 0)",neutral
619,"((1327, 220), 0)",neutral
620,"((1327, 304), 0)",neutral
621,"((1334, 21), 0)",neutral
622,"((1334, 317), 0)",neutral
623,"((1337, 112), 0)",neutral
624,"((1338, 317), 0)",neutral
625,"((1341, 214), 0)",neutral
626,"((1342, 102), 0)",neutral
627,"((1342, 323), 0)",neutral
628,"((1344, 220), 0)",neutral
629,"((1344, 317), 0)",neutral
630,"((1344, 373), 0)",neutral
631,"((1346, 96), 0)",neutral
632,"((1347, 228), 0)",neutral
633,"((1347, 358), 0)",neutral
634,"((1349, 324), 0)",neutral
635,"((1351, 316), 0)",neutral
636,"((1355, 286), 0)",neutral
637,"((1357, 365), 0)",neutral
638,"((1359, 316), 0)",neutral
639,"((1365, 276), 0)",neutral
640,"((1369, 158), 0)",neutral
641,"((1370, 96), 0)",neutral
642,"((1370, 135), 0)",neutral
643,"((1370, 299), 0)",neutral
644,"((1371, 145), 0)",neutral
645,"((1377, 89), 0)",neutral
646,"((1378, 187), 0)",neutral
647,"((1382, 135), 0)",neutral
648,"((1383, 270), 0)",neutral
649,"((1385, 316), 0)",neutral
650,"((1386, 28), 0)",neutral
651,"((1388, 316), 0)",neutral
652,"((1390, 37), 0)",neutral
653,"((1390, 225), 0)",neutral
654,"((1392, 373), 0)",neutral
655,"((1393, 115), 0)",neutral
656,"((1397, 254), 0)",neutral
657,"((1399, 220), 0)",neutral
658,"((1403, 285), 0)",neutral
659,"((1405, 265), 0)",neutral
660,"((1408, 96), 0)",neutral
661,"((1410, 65), 0)",neutral
662,"((1411, 221), 0)",neutral
663,"((1417, 20), 0)",neutral
664,"((1420, 222), 0)",neutral
665,"((1423, 21), 0)",neutral
666,"((1426, 254), 0)",neutral
667,"((1427, 254), 0)",neutral
668,"((1428, 201), 0)",neutral
669,"((1430, 248), 0)",neutral
670,"((1430, 270), 0)",neutral
671,"((1431, 120), 0)",neutral
672,"((1433, 220), 0)",neutral
673,"((1434, 254), 0)",neutral
674,"((1435, 353), 0)",neutral
675,"((1436, 19), 0)",neutral
676,"((1437, 370), 0)",neutral
677,"((1441, 228), 0)",neutral
678,"((1443, 220), 0)",neutral
679,"((1444, 188), 0)",neutral
680,"((1446, 147), 0)",neutral
681,"((1448, 82), 0)",neutral
682,"((1448, 257), 0)",neutral
683,"((1450, 216), 0)",neutral
684,"((1450, 250), 0)",neutral
685,"((1451, 183), 0)",neutral
686,"((1452, 363), 0)",neutral
687,"((1453, 135), 0)",neutral
688,"((1455, 144), 0)",neutral
689,"((1456, 265), 0)",neutral
690,"((1457, 114), 0)",neutral
691,"((1462, 267), 0)",neutral
692,"((1463, 61), 0)",neutral
693,"((1464, 316), 0)",neutral
694,"((1471, 317), 0)",neutral
695,"((1473, 254), 0)",neutral
696,"((1475, 220), 0)",neutral
697,"((1475, 357), 0)",neutral
698,"((1477, 220), 0)",neutral
699,"((1478, 123), 0)",neutral
700,"((1480, 34), 0)",neutral
701,"((1480, 358), 0)",neutral
702,"((1482, 316), 0)",neutral
703,"((1483, 341), 0)",neutral
704,"((1484, 176), 0)",neutral
705,"((1484, 231), 0)",neutral
706,"((1488, 187), 0)",neutral
707,"((1489, 251), 0)",neutral
708,"((1490, 328), 0)",neutral
709,"((1492, 19), 0)",neutral
710,"((1493, 78), 0)",neutral
711,"((1493, 355), 0)",neutral
712,"((1494, 134), 0)",neutral
713,"((1495, 19), 0)",neutral
714,"((1496, 358), 0)",neutral
715,"((1499, 151), 0)",neutral
716,"((1502, 158), 0)",neutral
717,"((1502, 220), 0)",neutral
718,"((1508, 96), 0)",neutral
719,"((1511, 43), 0)",neutral
720,"((1514, 230), 0)",neutral
721,"((1517, 357), 0)",neutral
722,"((1522, 96), 0)",neutral
723,"((1523, 101), 0)",neutral
724,"((1526, 8), 0)",neutral
725,"((1526, 123), 0)",neutral
726,"((1530, 247), 0)",neutral
727,"((1531, 184), 0)",neutral
728,"((1531, 232), 0)",neutral
729,"((1535, 317), 0)",neutral
730,"((1539, 113), 0)",neutral
731,"((1540, 254), 0)",neutral
732,"((1543, 150), 0)",neutral
733,"((1543, 201), 0)",neutral
734,"((1545, 122), 0)",neutral
735,"((1548, 299), 0)",neutral
736,"((1549, 123), 0)",neutral
737,"((1551, 220), 2)",neutral
738,"((1552, 127), 0)",neutral
739,"((1552, 299), 0)",neutral
740,"((1553, 216), 0)",neutral
741,"((1553, 287), 0)",neutral
742,"((1555, 23), 0)",neutral
743,"((1556, 175), 0)",neutral
744,"((1560, 329), 0)",neutral
745,"((1560, 358), 0)",neutral
746,"((1561, 20), 0)",neutral
747,"((1565, 97), 0)",neutral
748,"((1568, 188), 0)",neutral
749,"((1572, 96), 0)",neutral
750,"((1573, 220), 0)",neutral
751,"((1573, 249), 0)",neutral
752,"((1574, 346), 0)",neutral
753,"((1575, 96), 0)",neutral
754,"((1576, 113), 0)",neutral
755,"((1576, 153), 0)",neutral
756,"((1578, 122), 0)",neutral
757,"((1585, 360), 0)",neutral
758,"((1588, 35), 0)",neutral
759,"((1592, 102), 0)",neutral
760,"((1593, 254), 0)",neutral
761,"((1594, 299), 0)",neutral
762,"((1596, 41), 0)",neutral
763,"((1596, 358), 0)",neutral
764,"((1597, 122), 0)",neutral
765,"((1598, 221), 0)",neutral
766,"((1601, 358), 0)",neutral
767,"((1602, 8), 0)",neutral
768,"((1607, 203), 0)",neutral
769,"((1607, 347), 0)",neutral
770,"((1607, 351), 0)",neutral
771,"((1609, 28), 0)",neutral
772,"((1610, 157), 0)",neutral
773,"((1610, 308), 0)",neutral
774,"((1611, 294), 0)",neutral
775,"((1611, 299), 0)",neutral
776,"((1613, 96), 0)",neutral
777,"((1617, 265), 0)",neutral
778,"((1618, 122), 0)",neutral
779,"((1619, 24), 0)",neutral
780,"((1619, 41), 0)",neutral
781,"((1621, 316), 0)",neutral
782,"((1623, 123), 0)",neutral
783,"((1624, 220), 0)",neutral
784,"((1626, 372), 0)",neutral
785,"((1634, 251), 0)",neutral
786,"((1635, 129), 0)",neutral
787,"((1635, 251), 0)",neutral
788,"((1636, 96), 0)",neutral
789,"((1640, 11), 0)",neutral
790,"((1640, 30), 0)",neutral
791,"((1647, 40), 0)",neutral
792,"((1648, 258), 0)",neutral
793,"((1649, 20), 0)",neutral
794,"((1649, 96), 0)",neutral
795,"((1650, 299), 0)",neutral
796,"((1653, 235), 0)",neutral
797,"((1655, 20), 0)",neutral
798,"((1657, 157), 0)",neutral
799,"((1657, 220), 0)",neutral
800,"((1660, 181), 0)",neutral
801,"((1662, 299), 0)",neutral
802,"((1662, 348), 0)",neutral
803,"((1663, 88), 0)",neutral
804,"((1665, 20), 0)",neutral
805,"((1665, 129), 0)",neutral
806,"((1665, 172), 0)",neutral
807,"((1667, 83), 0)",neutral
808,"((1667, 299), 0)",neutral
809,"((1668, 358), 0)",neutral
810,"((1671, 310), 0)",neutral
811,"((1678, 317), 0)",neutral
812,"((1680, 251), 0)",neutral
813,"((1684, 78), 0)",neutral
814,"((1684, 215), 0)",neutral
815,"((1687, 342), 0)",neutral
816,"((1688, 220), 0)",neutral
817,"((1689, 273), 0)",neutral
818,"((1692, 122), 0)",neutral
819,"((1694, 163), 0)",neutral
820,"((1695, 100), 0)",neutral
821,"((1695, 122), 0)",neutral
822,"((1699, 317), 0)",neutral
823,"((1699, 346), 0)",neutral
824,"((1700, 230), 0)",neutral
825,"((1703, 22), 0)",neutral
826,"((1704, 21), 0)",neutral
827,"((1707, 201), 0)",neutral
828,"((1708, 61), 0)",neutral
829,"((1710, 281), 0)",neutral
830,"((1712, 8), 0)",neutral
831,"((1712, 96), 0)",neutral
832,"((1712, 331), 0)",neutral
833,"((1714, 157), 0)",neutral
834,"((1717, 34), 0)",neutral
835,"((1717, 327), 0)",neutral
836,"((1718, 294), 0)",neutral
837,"((1724, 76), 0)",neutral
838,"((1724, 112), 0)",neutral
839,"((1726, 250), 0)",neutral
840,"((1729, 331), 0)",neutral
841,"((1730, 123), 0)",neutral
842,"((1731, 317), 0)",neutral
843,"((1732, 276), 0)",neutral
844,"((1733, 372), 0)",neutral
845,"((1738, 76), 0)",neutral
846,"((1738, 196), 0)",neutral
847,"((1739, 20), 0)",neutral
848,"((1739, 123), 0)",neutral
849,"((1739, 158), 0)",neutral
850,"((1739, 219), 0)",neutral
851,"((1741, 159), 0)",neutral
852,"((1742, 248), 0)",neutral
853,"((1744, 19), 0)",neutral
854,"((1747, 225), 0)",neutral
855,"((1750, 230), 0)",neutral
856,"((1750, 308), 0)",neutral
857,"((1753, 360), 0)",neutral
858,"((1754, 95), 0)",neutral
859,"((1756, 163), 0)",neutral
860,"((1758, 254), 3)",neutral
861,"((1759, 316), 0)",neutral
862,"((1760, 41), 0)",neutral
863,"((1760, 251), 0)",neutral
864,"((1765, 297), 0)",neutral
865,"((1766, 147), 0)",neutral
866,"((1768, 96), 0)",neutral
867,"((1768, 123), 0)",neutral
868,"((1768, 135), 0)",neutral
869,"((1768, 248), 0)",neutral
870,"((1768, 308), 0)",neutral
871,"((1768, 316), 0)",neutral
872,"((1773, 43), 0)",neutral
873,"((1773, 96), 0)",neutral
874,"((1773, 317), 0)",neutral
875,"((1777, 160), 0)",neutral
876,"((1777, 329), 0)",neutral
877,"((1781, 10), 0)",neutral
878,"((1782, 143), 0)",neutral
879,"((1784, 145), 0)",neutral
880,"((1788, 147), 0)",neutral
881,"((1788, 341), 0)",neutral
882,"((1789, 147), 0)",neutral
883,"((1789, 164), 0)",neutral
884,"((1790, 317), 0)",neutral
885,"((1792, 23), 0)",neutral
886,"((1792, 61), 0)",neutral
887,"((1793, 138), 0)",neutral
888,"((1794, 123), 0)",neutral
889,"((1796, 358), 0)",neutral
890,"((1799, 242), 0)",neutral
891,"((1801, 372), 0)",neutral
892,"((1802, 8), 0)",neutral
893,"((1802, 230), 0)",neutral
894,"((1804, 218), 0)",neutral
895,"((1804, 254), 0)",neutral
896,"((1805, 65), 0)",neutral
897,"((1805, 218), 0)",neutral
898,"((1805, 308), 0)",neutral
899,"((1806, 26), 0)",neutral
900,"((1807, 28), 0)",neutral
901,"((1807, 37), 0)",neutral
902,"((1807, 250), 0)",neutral
903,"((1807, 278), 0)",neutral
904,"((1810, 243), 0)",neutral
905,"((1811, 148), 0)",neutral
906,"((1813, 147), 0)",neutral
907,"((1814, 135), 0)",neutral
908,"((1815, 328), 0)",neutral
909,"((1816, 100), 2)",neutral
910,"((1816, 329), 0)",neutral
911,"((1819, 96), 0)",neutral
912,"((1819, 364), 0)",neutral
913,"((1823, 35), 0)",neutral
914,"((1823, 226), 0)",neutral
915,"((1825, 83), 0)",neutral
916,"((1825, 100), 0)",neutral
917,"((1826, 114), 0)",neutral
918,"((1827, 66), 0)",neutral
919,"((1827, 78), 0)",neutral
920,"((1828, 21), 0)",neutral
921,"((1828, 124), 0)",neutral
922,"((1828, 363), 0)",neutral
923,"((1829, 61), 0)",neutral
924,"((1829, 218), 0)",neutral
925,"((1830, 61), 0)",neutral
926,"((1830, 308), 0)",neutral
927,"((1830, 378), 0)",neutral
928,"((1832, 27), 0)",neutral
929,"((1832, 160), 0)",neutral
930,"((1832, 294), 0)",neutral
931,"((1833, 267), 0)",neutral
932,"((1836, 23), 0)",neutral
933,"((1836, 109), 0)",neutral
934,"((1838, 196), 0)",neutral
935,"((1839, 100), 0)",neutral
936,"((1840, 215), 0)",neutral
937,"((1840, 299), 2)",neutral
938,"((1840, 308), 0)",neutral
939,"((1841, 158), 0)",neutral
940,"((1842, 145), 0)",neutral
941,"((1842, 372), 0)",neutral
942,"((1845, 85), 0)",neutral
943,"((1848, 29), 0)",neutral
944,"((1848, 316), 0)",neutral
945,"((1850, 218), 0)",neutral
946,"((1851, 85), 0)",neutral
947,"((1851, 281), 0)",neutral
948,"((1860, 34), 0)",neutral
949,"((1860, 86), 0)",neutral
950,"((1860, 316), 0)",neutral
951,"((1862, 8), 0)",neutral
952,"((1862, 19), 0)",neutral
953,"((1865, 77), 0)",neutral
954,"((1866, 77), 0)",neutral
955,"((1867, 342), 0)",neutral
956,"((1869, 21), 0)",neutral
957,"((1869, 122), 0)",neutral
958,"((1869, 122), 1)",neutral
959,"((1870, 164), 0)",neutral
960,"((1871, 84), 0)",neutral
961,"((1873, 34), 0)",neutral
962,"((1873, 220), 0)",neutral
963,"((1874, 133), 0)",neutral
964,"((1874, 147), 0)",neutral
965,"((1876, 294), 0)",neutral
966,"((1878, 19), 0)",neutral
967,"((1878, 371), 0)",neutral
968,"((1879, 29), 0)",neutral
969,"((1879, 89), 0)",neutral
970,"((1879, 316), 0)",neutral
971,"((1880, 43), 0)",neutral
972,"((1880, 372), 0)",neutral
973,"((1881, 286), 0)",neutral
974,"((1882, 106), 0)",neutral
975,"((1882, 122), 0)",neutral
976,"((1882, 134), 0)",neutral
977,"((1883, 100), 0)",neutral
978,"((1883, 108), 0)",neutral
979,"((1883, 158), 0)",neutral
980,"((1883, 261), 0)",neutral
981,"((1883, 267), 0)",neutral
982,"((1884, 122), 0)",neutral
983,"((1885, 200), 0)",neutral
984,"((1886, 328), 0)",neutral
985,"((1887, 144), 0)",neutral
986,"((1888, 74), 0)",neutral
987,"((1889, 41), 0)",neutral
988,"((1889, 236), 0)",neutral
989,"((1889, 276), 0)",neutral
990,"((1889, 373), 0)",neutral
991,"((1892, 95), 0)",neutral
992,"((1892, 318), 0)",neutral
993,"((1892, 358), 0)",neutral
994,"((1895, 41), 0)",neutral
995,"((1895, 200), 0)",neutral
996,"((1901, 317), 0)",neutral
997,"((1902, 19), 0)",neutral
998,"((1903, 220), 0)",neutral
999,"((1904, 242), 0)",neutral
1000,"((1905, 182), 0)",neutral
1001,"((1907, 160), 0)",neutral
1002,"((1907, 203), 0)",neutral
1003,"((1907, 284), 0)",neutral
1004,"((1907, 345), 0)",neutral
1005,"((1908, 267), 0)",neutral
1006,"((1908, 326), 0)",neutral
1007,"((1910, 295), 0)",neutral
1008,"((1911, 27), 0)",neutral
1009,"((1911, 253), 0)",neutral
1010,"((1911, 350), 0)",neutral
1011,"((1912, 70), 0)",neutral
1012,"((1913, 65), 0)",neutral
1013,"((1913, 281), 0)",neutral
1014,"((1914, 143), 0)",neutral
1015,"((1914, 241), 0)",neutral
1016,"((1915, 299), 0)",neutral
1017,"((1917, 96), 0)",neutral
1018,"((1917, 342), 0)",neutral
1019,"((1920, 95), 0)",neutral
1020,"((1921, 217), 0)",neutral
1021,"((1921, 294), 0)",neutral
1022,"((1922, 159), 0)",neutral
1023,"((1922, 216), 0)",neutral
1024,"((1923, 217), 0)",neutral
1025,"((1923, 304), 0)",neutral
1026,"((1925, 124), 0)",neutral
1027,"((1926, 26), 0)",neutral
1028,"((1927, 276), 0)",neutral
1029,"((1928, 81), 0)",neutral
1030,"((1928, 105), 0)",neutral
1031,"((1928, 216), 0)",neutral
1032,"((1928, 267), 0)",neutral
1033,"((1928, 281), 0)",neutral
1034,"((1928, 317), 0)",neutral
1035,"((1929, 66), 0)",neutral
1036,"((1930, 360), 0)",neutral
1037,"((1931, 31), 0)",neutral
1038,"((1931, 142), 0)",neutral
1039,"((1931, 207), 0)",neutral
1040,"((1931, 229), 0)",neutral
1041,"((1931, 320), 0)",neutral
1042,"((1931, 360), 0)",neutral
1043,"((1932, 53), 0)",neutral
1044,"((1932, 193), 0)",neutral
1045,"((1932, 320), 0)",neutral
1046,"((1933, 317), 0)",neutral
1047,"((1934, 254), 0)",neutral
1048,"((1935, 188), 0)",neutral
1049,"((1937, 65), 0)",neutral
1050,"((1937, 247), 0)",neutral
1051,"((1938, 37), 0)",neutral
1052,"((1938, 122), 0)",neutral
1053,"((1938, 133), 1)",neutral
1054,"((1939, 29), 0)",neutral
1055,"((1939, 286), 0)",neutral
1056,"((1939, 319), 0)",neutral
1057,"((1939, 378), 0)",neutral
1058,"((1940, 37), 0)",neutral
1059,"((1940, 62), 0)",neutral
1060,"((1940, 227), 0)",neutral
1061,"((1940, 230), 0)",neutral
1062,"((1940, 232), 0)",neutral
1063,"((1940, 278), 0)",neutral
1064,"((1940, 286), 0)",neutral
1065,"((1940, 308), 0)",neutral
1066,"((1940, 353), 0)",neutral
1067,"((1940, 371), 0)",neutral
1068,"((1941, 164), 0)",neutral
1069,"((1942, 186), 0)",neutral
1070,"((1943, 29), 0)",neutral
1071,"((1943, 43), 0)",neutral
1072,"((1943, 99), 0)",neutral
1073,"((1943, 109), 0)",neutral
1074,"((1943, 317), 3)",neutral
1075,"((1944, 75), 0)",neutral
1076,"((1945, 353), 0)",neutral
1077,"((1946, 129), 0)",neutral
1078,"((1947, 123), 0)",neutral
1079,"((1948, 62), 0)",neutral
1080,"((1948, 112), 0)",neutral
1081,"((1948, 233), 0)",neutral
1082,"((1948, 367), 0)",neutral
1083,"((1949, 72), 0)",neutral
1084,"((1949, 376), 0)",neutral
1085,"((1950, 316), 0)",neutral
1086,"((1951, 259), 0)",neutral
1087,"((1951, 295), 0)",neutral
1088,"((1952, 82), 0)",neutral
1089,"((1952, 222), 0)",neutral
1090,"((1952, 232), 0)",neutral
1091,"((1953, 321), 0)",neutral
1092,"((1955, 31), 0)",neutral
1093,"((1955, 153), 0)",neutral
1094,"((1955, 304), 0)",neutral
1095,"((1956, 191), 0)",neutral
1096,"((1959, 41), 0)",neutral
1097,"((1959, 67), 0)",neutral
1098,"((1959, 107), 0)",neutral
1099,"((1959, 139), 0)",neutral
1100,"((1960, 51), 0)",neutral
1101,"((1960, 78), 0)",neutral
1102,"((1960, 106), 0)",neutral
1103,"((1960, 108), 0)",neutral
1104,"((1960, 139), 0)",neutral
1105,"((1960, 208), 0)",neutral
1106,"((1960, 301), 0)",neutral
1107,"((1960, 316), 0)",neutral
1108,"((1961, 244), 0)",neutral
1109,"((1962, 19), 0)",neutral
1110,"((1962, 254), 0)",neutral
1111,"((1962, 299), 0)",neutral
1112,"((1963, 3), 0)",neutral
1113,"((1963, 309), 0)",neutral
1114,"((1964, 172), 0)",neutral
1115,"((1965, 36), 0)",neutral
1116,"((1965, 211), 0)",neutral
1117,"((1966, 112), 0)",neutral
1118,"((1966, 378), 0)",neutral
1119,"((1967, 95), 0)",neutral
1120,"((1969, 235), 0)",neutral
1121,"((1971, 28), 0)",neutral
1122,"((1972, 247), 0)",neutral
1123,"((1973, 226), 0)",neutral
1124,"((1973, 259), 0)",neutral
1125,"((1973, 316), 0)",neutral
1126,"((1974, 124), 0)",neutral
1127,"((1975, 65), 0)",neutral
1128,"((1975, 151), 0)",neutral
1129,"((1975, 262), 0)",neutral
1130,"((1975, 283), 0)",neutral
1131,"((1976, 202), 0)",neutral
1132,"((1977, 81), 0)",neutral
1133,"((1977, 133), 0)",neutral
1134,"((1977, 209), 0)",neutral
1135,"((1977, 257), 0)",neutral
1136,"((1978, 104), 0)",neutral
1137,"((1978, 167), 0)",neutral
1138,"((1978, 378), 0)",neutral
1139,"((1979, 122), 0)",neutral
1140,"((1979, 167), 0)",neutral
1141,"((1979, 195), 0)",neutral
1142,"((1979, 301), 0)",neutral
1143,"((1980, 77), 0)",neutral
1144,"((1981, 118), 0)",neutral
1145,"((1981, 308), 0)",neutral
1146,"((1982, 220), 0)",neutral
1147,"((1983, 109), 0)",neutral
1148,"((1983, 326), 0)",neutral
1149,"((1985, 112), 0)",neutral
1150,"((1988, 28), 0)",neutral
1151,"((1989, 186), 0)",neutral
1152,"((1989, 214), 0)",neutral
1153,"((1991, 278), 0)",neutral
1154,"((1993, 156), 0)",neutral
1155,"((1994, 140), 0)",neutral
1156,"((1995, 101), 0)",neutral
1157,"((1996, 308), 0)",neutral
1158,"((1997, 100), 0)",neutral
1159,"((1998, 266), 0)",neutral
1160,"((2000, 24), 0)",neutral
1161,"((2003, 158), 0)",neutral
1162,"((2003, 217), 0)",neutral
1163,"((2003, 220), 0)",neutral
1164,"((2004, 158), 0)",neutral
1165,"((2007, 198), 0)",neutral
1166,"((2008, 218), 0)",neutral
1167,"((2009, 52), 0)",neutral
1168,"((2010, 133), 0)",neutral
1169,"((2011, 21), 0)",neutral
1170,"((2012, 62), 0)",neutral
1171,"((2013, 76), 0)",neutral
1172,"((2013, 326), 0)",neutral
1173,"((2014, 100), 0)",neutral
1174,"((2014, 243), 0)",neutral
1175,"((2016, 146), 0)",neutral
1176,"((2017, 36), 0)",neutral
1177,"((2018, 160), 0)",neutral
1178,"((2019, 75), 0)",neutral
1179,"((2020, 215), 0)",neutral
1180,"((2021, 89), 0)",neutral
1181,"((2021, 100), 0)",neutral
1182,"((2022, 301), 0)",neutral
1183,"((2024, 95), 0)",neutral
1184,"((2024, 124), 0)",neutral
1185,"((2026, 276), 0)",neutral
1186,"((2026, 329), 0)",neutral
1187,"((2029, 294), 0)",neutral
1188,"((2030, 21), 0)",neutral
1189,"((2030, 131), 0)",neutral
1190,"((2030, 224), 0)",neutral
1191,"((2031, 216), 0)",neutral
1192,"((2032, 112), 0)",neutral
1193,"((2032, 142), 3)",neutral
1194,"((2034, 326), 0)",neutral
1195,"((2042, 123), 0)",neutral
1196,"((2044, 29), 0)",neutral
1197,"((2046, 239), 0)",neutral
1198,"((2047, 142), 0)",neutral
1199,"((2047, 308), 2)",neutral
1200,"((2048, 251), 0)",neutral
1201,"((2052, 198), 0)",neutral
1202,"((2052, 238), 0)",neutral
1203,"((2053, 142), 0)",neutral
1204,"((2055, 33), 0)",neutral
1205,"((2056, 65), 0)",neutral
1206,"((2059, 225), 0)",neutral
1207,"((2060, 24), 0)",neutral
1208,"((2060, 106), 0)",neutral
1209,"((2060, 193), 0)",neutral
1210,"((2061, 123), 0)",neutral
1211,"((2061, 135), 0)",neutral
1212,"((2061, 211), 0)",neutral
1213,"((2061, 320), 0)",neutral
1214,"((2066, 284), 0)",neutral
1215,"((2068, 94), 0)",neutral
1216,"((2068, 273), 0)",neutral
1217,"((2069, 96), 0)",neutral
1218,"((2070, 301), 0)",neutral
1219,"((2071, 257), 0)",neutral
1220,"((2072, 77), 0)",neutral
1221,"((2072, 177), 0)",neutral
1222,"((2073, 357), 0)",neutral
1223,"((2074, 91), 0)",neutral
1224,"((2074, 266), 0)",neutral
1225,"((2074, 363), 0)",neutral
1226,"((2075, 183), 0)",neutral
1227,"((2075, 257), 0)",neutral
1228,"((2075, 320), 0)",neutral
1229,"((2076, 38), 0)",neutral
1230,"((2076, 320), 0)",neutral
1231,"((2076, 358), 0)",neutral
1232,"((2077, 38), 0)",neutral
1233,"((2078, 142), 0)",neutral
1234,"((2081, 209), 0)",neutral
1235,"((2081, 254), 2)",neutral
1236,"((2083, 34), 0)",neutral
1237,"((2086, 76), 0)",neutral
1238,"((2086, 281), 0)",neutral
1239,"((2087, 76), 0)",neutral
1240,"((2087, 216), 0)",neutral
1241,"((2087, 250), 0)",neutral
1242,"((2088, 285), 0)",neutral
1243,"((2088, 294), 0)",neutral
1244,"((2090, 96), 0)",neutral
1245,"((2090, 294), 0)",neutral
1246,"((2090, 299), 0)",neutral
1247,"((2090, 317), 0)",neutral
1248,"((2091, 187), 0)",neutral
1249,"((2092, 263), 0)",neutral
1250,"((2094, 68), 0)",neutral
1251,"((2095, 316), 0)",neutral
1252,"((2096, 317), 0)",neutral
1253,"((2097, 187), 0)",neutral
1254,"((2100, 323), 0)",neutral
1255,"((2100, 343), 0)",neutral
1256,"((2105, 30), 0)",neutral
1257,"((2105, 250), 0)",neutral
1258,"((2109, 372), 0)",neutral
1259,"((2110, 114), 0)",neutral
1260,"((2111, 336), 0)",neutral
1261,"((2114, 225), 0)",neutral
1262,"((2115, 316), 0)",neutral
1263,"((2117, 226), 0)",neutral
1264,"((2118, 182), 0)",neutral
1265,"((2119, 206), 0)",neutral
1266,"((2121, 24), 0)",neutral
1267,"((2122, 188), 0)",neutral
1268,"((2129, 123), 0)",neutral
1269,"((2129, 219), 0)",neutral
1270,"((2130, 34), 0)",neutral
1271,"((2130, 112), 0)",neutral
1272,"((2130, 141), 0)",neutral
1273,"((2130, 299), 0)",neutral
1274,"((2131, 254), 0)",neutral
1275,"((2132, 257), 0)",neutral
1276,"((2132, 342), 0)",neutral
1277,"((2133, 8), 0)",neutral
1278,"((2133, 222), 0)",neutral
1279,"((2133, 304), 0)",neutral
1280,"((2134, 236), 0)",neutral
1281,"((2134, 372), 0)",neutral
1282,"((2135, 344), 0)",neutral
1283,"((2136, 294), 0)",neutral
1284,"((2137, 133), 0)",neutral
1285,"((2137, 247), 0)",neutral
1286,"((2138, 216), 0)",neutral
1287,"((2138, 342), 0)",neutral
1288,"((2139, 115), 0)",neutral
1289,"((2139, 372), 0)",neutral
1290,"((2141, 91), 0)",neutral
1291,"((2143, 266), 0)",neutral
1292,"((2145, 246), 0)",neutral
1293,"((2149, 15), 0)",neutral
1294,"((2149, 117), 0)",neutral
1295,"((2150, 15), 0)",neutral
1296,"((2151, 186), 0)",neutral
1297,"((2152, 39), 0)",neutral
1298,"((2152, 239), 0)",neutral
1299,"((2152, 285), 0)",neutral
1300,"((2154, 39), 3)",neutral
1301,"((2155, 222), 0)",neutral
1302,"((2156, 21), 0)",neutral
1303,"((2156, 34), 0)",neutral
1304,"((2156, 36), 0)",neutral
1305,"((2156, 320), 0)",neutral
1306,"((2157, 21), 0)",neutral
1307,"((2157, 331), 0)",neutral
1308,"((2157, 372), 0)",neutral
1309,"((2158, 179), 0)",neutral
1310,"((2158, 281), 0)",neutral
1311,"((2159, 215), 0)",neutral
1312,"((2159, 281), 0)",neutral
1313,"((2160, 179), 0)",neutral
1314,"((2160, 317), 0)",neutral
1315,"((2160, 372), 0)",neutral
1316,"((2166, 361), 0)",neutral
1317,"((2167, 86), 0)",neutral
1318,"((2167, 134), 0)",neutral
1319,"((2167, 214), 0)",neutral
1320,"((2167, 363), 0)",neutral
1321,"((2167, 372), 0)",neutral
1322,"((2168, 220), 0)",neutral
1323,"((2169, 304), 0)",neutral
1324,"((2170, 95), 0)",neutral
1325,"((2171, 299), 0)",neutral
1326,"((2171, 372), 0)",neutral
1327,"((2174, 158), 0)",neutral
1328,"((2174, 187), 0)",neutral
1329,"((2175, 329), 0)",neutral
1330,"((2176, 231), 0)",neutral
1331,"((2176, 316), 0)",neutral
1332,"((2177, 81), 0)",neutral
1333,"((2179, 37), 0)",neutral
1334,"((2179, 66), 0)",neutral
1335,"((2179, 78), 0)",neutral
1336,"((2179, 187), 0)",neutral
1337,"((2180, 355), 0)",neutral
1338,"((2181, 118), 0)",neutral
1339,"((2181, 187), 0)",neutral
1340,"((2182, 129), 0)",neutral
1341,"((2182, 187), 0)",neutral
1342,"((2183, 35), 0)",neutral
1343,"((2183, 228), 0)",neutral
1344,"((2186, 19), 0)",neutral
1345,"((2187, 129), 0)",neutral
1346,"((2187, 359), 0)",neutral
1347,"((2188, 359), 0)",neutral
1348,"((2192, 19), 0)",neutral
1349,"((2193, 286), 0)",neutral
1350,"((2198, 206), 0)",neutral
1351,"((2201, 7), 0)",neutral
1352,"((2201, 15), 0)",neutral
1353,"((2202, 37), 0)",neutral
1354,"((2203, 39), 0)",neutral
1355,"((2203, 56), 0)",neutral
1356,"((2203, 77), 0)",neutral
1357,"((2204, 109), 0)",neutral
1358,"((2205, 34), 0)",neutral
1359,"((2205, 337), 0)",neutral
1360,"((2205, 355), 0)",neutral
1361,"((2206, 64), 0)",neutral
1362,"((2206, 331), 0)",neutral
1363,"((2207, 43), 0)",neutral
1364,"((2208, 99), 0)",neutral
1365,"((2209, 36), 0)",neutral
1366,"((2209, 239), 0)",neutral
1367,"((2210, 248), 0)",neutral
1368,"((2210, 281), 0)",neutral
1369,"((2211, 236), 0)",neutral
1370,"((2211, 308), 0)",neutral
1371,"((2211, 331), 0)",neutral
1372,"((2213, 372), 0)",neutral
1373,"((2214, 67), 0)",neutral
1374,"((2217, 67), 0)",neutral
1375,"((2217, 153), 0)",neutral
1376,"((2217, 281), 0)",neutral
1377,"((2218, 112), 0)",neutral
1378,"((2221, 372), 0)",neutral
1379,"((2222, 36), 0)",neutral
1380,"((2222, 133), 0)",neutral
1381,"((2223, 36), 0)",neutral
1382,"((2223, 342), 0)",neutral
1383,"((2224, 104), 0)",neutral
1384,"((2225, 219), 0)",neutral
1385,"((2226, 36), 0)",neutral
1386,"((2227, 104), 0)",neutral
1387,"((2227, 308), 0)",neutral
1388,"((2228, 160), 0)",neutral
1389,"((2229, 82), 0)",neutral
1390,"((2229, 234), 0)",neutral
1391,"((2229, 250), 0)",neutral
1392,"((2230, 245), 0)",neutral
1393,"((2231, 259), 0)",neutral
1394,"((2232, 48), 0)",neutral
1395,"((2232, 123), 0)",neutral
1396,"((2232, 153), 0)",neutral
1397,"((2232, 200), 0)",neutral
1398,"((2233, 301), 0)",neutral
1399,"((2235, 206), 0)",neutral
1400,"((2236, 304), 0)",neutral
1401,"((2237, 78), 0)",neutral
1402,"((2237, 131), 0)",neutral
1403,"((2238, 242), 0)",neutral
1404,"((2239, 78), 0)",neutral
1405,"((2239, 261), 0)",neutral
1406,"((2241, 242), 0)",neutral
1407,"((2242, 222), 0)",neutral
1408,"((2242, 296), 0)",neutral
1409,"((2243, 372), 0)",neutral
1410,"((2244, 48), 0)",neutral
1411,"((2244, 250), 0)",neutral
1412,"((2245, 304), 0)",neutral
1413,"((2247, 206), 0)",neutral
1414,"((2248, 78), 0)",neutral
1415,"((2250, 26), 0)",neutral
1416,"((2250, 75), 0)",neutral
1417,"((2250, 85), 0)",neutral
1418,"((2250, 106), 0)",neutral
1419,"((2250, 186), 0)",neutral
1420,"((2251, 26), 0)",neutral
1421,"((2251, 29), 0)",neutral
1422,"((2252, 85), 0)",neutral
1423,"((2252, 363), 0)",neutral
1424,"((2253, 124), 0)",neutral
1425,"((2253, 208), 0)",neutral
1426,"((2254, 36), 0)",neutral
1427,"((2254, 135), 0)",neutral
1428,"((2254, 177), 0)",neutral
1429,"((2254, 274), 0)",neutral
1430,"((2254, 299), 0)",neutral
1431,"((2255, 88), 0)",neutral
1432,"((2256, 19), 0)",neutral
1433,"((2256, 94), 0)",neutral
1434,"((2257, 331), 0)",neutral
1435,"((2257, 372), 0)",neutral
1436,"((2258, 68), 0)",neutral
1437,"((2259, 46), 2)",neutral
1438,"((2259, 78), 0)",neutral
1439,"((2259, 79), 0)",neutral
